pair_id,case_id,kind,left_strategy,right_strategy,left_digest,right_digest,block_id,display_index
pair_6a09433057b63e52,fb_010_tuesday_repair,UNIQUE,C,B,sha256:2eb7189de4d66bf9d00ff5183964ddb3b2de62804409729211f0480eb2c97a09,sha256:50a017c1c5b9994e49a37446e3af9777796262bb6a1158c277c8bbdf12db549f,block-1,1
pair_48560fc3022ffe23,fb_010_tuesday_repair,UNIQUE,D,C,sha256:bd875fd476155358b8e363a9a4c1d62654a15489a38c94ededec2dff403c6623,sha256:2eb7189de4d66bf9d00ff5183964ddb3b2de62804409729211f0480eb2c97a09,block-1,2
pair_b6ab19aaa22299bf,fb_006_tuesday_repair,UNIQUE,B,C,sha256:904c785320b7f06981bf3fb456911292df7fa29e048ae72a66e5b8e9124b6364,sha256:65786473598076b752b319930eb261f27e2b79dfbdfe7da1acfe3fe41289103d,block-1,3
pair_c9d3bddbab4f83c9,fb_005_transplant_v1,UNIQUE,D,C,sha256:264c9ae21730dda35c2d1e14e972535f1533758ef3240525f5f184df08134249,sha256:29956405f600760a071c699af399b638d09b830afb6c408e527b7644d281b97b,block-1,4
pair_89f53c199c1ab6df,fb_009_tuesday_repair,UNIQUE,C,B,sha256:3ca9e8078c88fda925b71a5ea40c29b940f23c8ee0b4165764ad43b964feb6b9,sha256:918f31f60ee948b8f0517216852edbf7f04de614a11bd6e37b21cfa04b02a0bf,block-1,5
pair_8aae29bafe637dc0,fb_010_tuesday_repair,UNIQUE,D,A,sha256:bd875fd476155358b8e363a9a4c1d62654a15489a38c94ededec2dff403c6623,sha256:50a017c1c5b9994e49a37446e3af9777796262bb6a1158c277c8bbdf12db549f,block-1,6
pair_3d5d7826c1b6b625,fb_003_semantic_repair,UNIQUE,D,C,sha256:923f175e84fb1678dd4d3c17a1df04c1669be49e8f130f16dbed429bae4a835d,sha256:9df53f63f62082020f8defa57bd00f3a4a0f430698126e767ae365ebfc078076,block-1,7
pair_cd81f2f65c49b3b3,fb_001_tuesday_repair,UNIQUE,C,B,sha256:a943c04eee778438d70468bbaa5533faa55ff4c72b426b0c6e71cb3f6e33f85b,sha256:622ff408816735590911393428e74b041d56d73883e1d1765a354877e4f3bd17,block-1,8
pair_52617db00a4eefb3,fb_011_tuesday_repair,UNIQUE,C,D,sha256:ac239dba3cdee9abc85bf597d2d37eeff3f135d9f1b0c86f10f1cedbc88481bf,sha256:776499a69290a81cf419ec64133f8b06a4874b769d3ffb0eacd3de422d59dfe9,block-1,9
pair_8c4a5680eafb4f0e,fb_011_semantic_repair,UNIQUE,D,A,sha256:d2dcef398a6c1f178bb6a391d34732bdbf77d93743b074c155ff542483d738e9,sha256:c04e9c0db9a5a484e8df721d445484f2227c31f6cc1397535d0258e99becdb22,block-1,10
pair_880ba27f3eb38a52,fb_003_semantic_repair,UNIQUE,B,C,sha256:6c5e3331bb27ccc1f72d25601390b70a939bcf2afc75dffa8f5c97cd38a71313,sha256:9df53f63f62082020f8defa57bd00f3a4a0f430698126e767ae365ebfc078076,block-1,11
pair_7b87406b7ef72476,fb_002_tuesday_repair,UNIQUE,D,C,sha256:1fbf8afdf9fe2de7481e3519ea12e7350020f18fe5fccce2dfdad65f9fbfe22d,sha256:ee86e7336556491776f67ec3c79fb715ced9cf194dfabc33ec00103859de1f21,block-1,12
pair_05e5d33e2ca96dba,fb_004_transplant_v1,UNIQUE,A,D,sha256:918f31f60ee948b8f0517216852edbf7f04de614a11bd6e37b21cfa04b02a0bf,sha256:8a005ac152a326d483723582e89732dbad7edde50c0314814621c3403d800836,block-2,13
pair_92dc41f5666f96b0,fb_012_tuesday_repair,UNIQUE,B,A,sha256:cec7e668b9b089bef96dcd321552c131d868f16538c722bc2725b2ea664c5803,sha256:6c5e3331bb27ccc1f72d25601390b70a939bcf2afc75dffa8f5c97cd38a71313,block-2,14
pair_acbebdc4449da05e,fb_009_tuesday_repair,UNIQUE,C,D,sha256:3ca9e8078c88fda925b71a5ea40c29b940f23c8ee0b4165764ad43b964feb6b9,sha256:c2ae680ef14d734f658333735898c7ea7cd576f4070b51a107716fcdb82afc69,block-2,15
pair_fd18d1b6377d2556,fb_001_tuesday_repair,UNIQUE,D,C,sha256:ea354414591a00a79019c24a78437e9733e7779222b492957cad18e7a8863ccf,sha256:a943c04eee778438d70468bbaa5533faa55ff4c72b426b0c6e71cb3f6e33f85b,block-2,16
pair_e0ab277959a78875,fb_011_tuesday_repair,UNIQUE,B,D,sha256:ac239dba3cdee9abc85bf597d2d37eeff3f135d9f1b0c86f10f1cedbc88481bf,sha256:776499a69290a81cf419ec64133f8b06a4874b769d3ffb0eacd3de422d59dfe9,block-2,17
pair_3e68a0fa22f2d5e0,fb_007_tuesday_repair,UNIQUE,C,D,sha256:5b222294d3d882aef051e4eebc7eb88cac5b2c8dd92c61ecb10b45d902b5525a,sha256:cf299864a1529d942c49ee4fe9a6c011743874630e6f76c9e3a8e8970bfa48b4,block-2,18
pair_165cb85d76e1e636,fb_011_semantic_repair,UNIQUE,D,B,sha256:d2dcef398a6c1f178bb6a391d34732bdbf77d93743b074c155ff542483d738e9,sha256:c04e9c0db9a5a484e8df721d445484f2227c31f6cc1397535d0258e99becdb22,block-2,19
pair_d41f6f00e8ae7c16,fb_006_tuesday_repair,UNIQUE,D,C,sha256:49e1d5406dd8f0626f38bc43a47ce80c02a2f014651568931305016e6ee30fde,sha256:65786473598076b752b319930eb261f27e2b79dfbdfe7da1acfe3fe41289103d,block-2,20
pair_22615ec510bd8003,fb_004_transplant_v1,UNIQUE,C,B,sha256:65e8287b36bea92de3cff2aa411e5cce60ec9f48b7e33147d6298a666572a3c5,sha256:918f31f60ee948b8f0517216852edbf7f04de614a11bd6e37b21cfa04b02a0bf,block-2,21
pair_a9a6f57341854a5d,fb_001_tuesday_repair,UNIQUE,A,B,sha256:5688631aa7ae39d6f0fa1b88a6e96cc2d37ae11cfbfe5b1a83c5171b84fec81a,sha256:622ff408816735590911393428e74b041d56d73883e1d1765a354877e4f3bd17,block-2,22
pair_bce09c19da35d8dd,fb_009_tuesday_repair,UNIQUE,A,D,sha256:918f31f60ee948b8f0517216852edbf7f04de614a11bd6e37b21cfa04b02a0bf,sha256:c2ae680ef14d734f658333735898c7ea7cd576f4070b51a107716fcdb82afc69,block-2,23
pair_df78e7aaf7d63ca4,fb_005_transplant_v1,UNIQUE,B,A,sha256:fd66f6a28daa8a3f08888100da2ea540a7745e333228761ee081289a8a7e4a07,sha256:50a017c1c5b9994e49a37446e3af9777796262bb6a1158c277c8bbdf12db549f,block-2,24
pair_30bbaabb1b3722ce,fb_012_tuesday_repair,UNIQUE,C,D,sha256:67c9f436b13d3375a9e3c8a5a5b1fbe7eb563ebdd2ed3fee19465831470c217f,sha256:309d37aac5f7db6579d24137c7e81d10a4080a3117097a523bb5ece95f3d3407,block-3,25
pair_be49a6347aa1fea2,fb_011_semantic_repair,UNIQUE,D,C,sha256:d2dcef398a6c1f178bb6a391d34732bdbf77d93743b074c155ff542483d738e9,sha256:c04e9c0db9a5a484e8df721d445484f2227c31f6cc1397535d0258e99becdb22,block-3,26
pair_2869ddb39a4a3363,fb_006_tuesday_repair,UNIQUE,A,D,sha256:904c785320b7f06981bf3fb456911292df7fa29e048ae72a66e5b8e9124b6364,sha256:49e1d5406dd8f0626f38bc43a47ce80c02a2f014651568931305016e6ee30fde,block-3,27
pair_dde79f241c96bbde,fb_007_tuesday_repair,UNIQUE,D,A,sha256:cf299864a1529d942c49ee4fe9a6c011743874630e6f76c9e3a8e8970bfa48b4,sha256:0fa297b7ee3fecbac7edbe3d5032db1be07f27e7e3c729b628445a412b6fae39,block-3,28
pair_04767801e358563a,fb_005_transplant_v1,UNIQUE,B,C,sha256:fd66f6a28daa8a3f08888100da2ea540a7745e333228761ee081289a8a7e4a07,sha256:29956405f600760a071c699af399b638d09b830afb6c408e527b7644d281b97b,block-3,29
pair_a13cfbe38e146083,fb_011_tuesday_repair,UNIQUE,D,A,sha256:776499a69290a81cf419ec64133f8b06a4874b769d3ffb0eacd3de422d59dfe9,sha256:ac239dba3cdee9abc85bf597d2d37eeff3f135d9f1b0c86f10f1cedbc88481bf,block-3,30
pair_adb10110da32ff1b,fb_003_semantic_repair,UNIQUE,A,D,sha256:6c5e3331bb27ccc1f72d25601390b70a939bcf2afc75dffa8f5c97cd38a71313,sha256:923f175e84fb1678dd4d3c17a1df04c1669be49e8f130f16dbed429bae4a835d,block-3,31
pair_22250d77f408e36e,fb_004_transplant_v1,UNIQUE,D,C,sha256:8a005ac152a326d483723582e89732dbad7edde50c0314814621c3403d800836,sha256:65e8287b36bea92de3cff2aa411e5cce60ec9f48b7e33147d6298a666572a3c5,block-3,32
pair_39ebbe7a213513fd,fb_007_tuesday_repair,UNIQUE,C,B,sha256:5b222294d3d882aef051e4eebc7eb88cac5b2c8dd92c61ecb10b45d902b5525a,sha256:0fa297b7ee3fecbac7edbe3d5032db1be07f27e7e3c729b628445a412b6fae39,block-3,33
pair_766c191491a4cc05,fb_002_tuesday_repair,UNIQUE,B,C,sha256:5688631aa7ae39d6f0fa1b88a6e96cc2d37ae11cfbfe5b1a83c5171b84fec81a,sha256:ee86e7336556491776f67ec3c79fb715ced9cf194dfabc33ec00103859de1f21,block-3,34
pair_7b1d8f3306a1304f,fb_002_tuesday_repair,UNIQUE,A,D,sha256:5688631aa7ae39d6f0fa1b88a6e96cc2d37ae11cfbfe5b1a83c5171b84fec81a,sha256:1fbf8afdf9fe2de7481e3519ea12e7350020f18fe5fccce2dfdad65f9fbfe22d,block-3,35
pair_318790d80534ffc0,fb_012_tuesday_repair,UNIQUE,B,C,sha256:cec7e668b9b089bef96dcd321552c131d868f16538c722bc2725b2ea664c5803,sha256:67c9f436b13d3375a9e3c8a5a5b1fbe7eb563ebdd2ed3fee19465831470c217f,block-3,36
pair_474e2c99accdaf43,fb_001_tuesday_repair,HIDDEN_REPEAT,B,C,sha256:622ff408816735590911393428e74b041d56d73883e1d1765a354877e4f3bd17,sha256:a943c04eee778438d70468bbaa5533faa55ff4c72b426b0c6e71cb3f6e33f85b,block-4,37
pair_b4b1f0c25dc7e023,fb_009_tuesday_repair,HIDDEN_REPEAT,B,C,sha256:918f31f60ee948b8f0517216852edbf7f04de614a11bd6e37b21cfa04b02a0bf,sha256:3ca9e8078c88fda925b71a5ea40c29b940f23c8ee0b4165764ad43b964feb6b9,block-4,38
pair_7cdaa9073dabb711,fb_012_tuesday_repair,HIDDEN_REPEAT,D,C,sha256:309d37aac5f7db6579d24137c7e81d10a4080a3117097a523bb5ece95f3d3407,sha256:67c9f436b13d3375a9e3c8a5a5b1fbe7eb563ebdd2ed3fee19465831470c217f,block-4,39
pair_838d17ee148fb8f8,fb_005_transplant_v1,HIDDEN_REPEAT,A,B,sha256:50a017c1c5b9994e49a37446e3af9777796262bb6a1158c277c8bbdf12db549f,sha256:fd66f6a28daa8a3f08888100da2ea540a7745e333228761ee081289a8a7e4a07,block-4,40
pair_311533b29bccbb7f,fb_007_tuesday_repair,AUDIT,C,B,sha256:5b222294d3d882aef051e4eebc7eb88cac5b2c8dd92c61ecb10b45d902b5525a,sha256:0fa297b7ee3fecbac7edbe3d5032db1be07f27e7e3c729b628445a412b6fae39,block-4,41
pair_05ee75bc94ed43a6,fb_004_transplant_v1,HIDDEN_REPEAT,D,A,sha256:8a005ac152a326d483723582e89732dbad7edde50c0314814621c3403d800836,sha256:918f31f60ee948b8f0517216852edbf7f04de614a11bd6e37b21cfa04b02a0bf,block-4,42
pair_69f5cb291e57493a,fb_001_tuesday_repair,AUDIT,D,C,sha256:ea354414591a00a79019c24a78437e9733e7779222b492957cad18e7a8863ccf,sha256:a943c04eee778438d70468bbaa5533faa55ff4c72b426b0c6e71cb3f6e33f85b,block-4,43
pair_659201ab28104722,fb_003_semantic_repair,AUDIT,D,A,sha256:923f175e84fb1678dd4d3c17a1df04c1669be49e8f130f16dbed429bae4a835d,sha256:6c5e3331bb27ccc1f72d25601390b70a939bcf2afc75dffa8f5c97cd38a71313,block-4,44
pair_196a2d1244301af2,fb_001_tuesday_repair,HIDDEN_REPEAT,B,A,sha256:622ff408816735590911393428e74b041d56d73883e1d1765a354877e4f3bd17,sha256:5688631aa7ae39d6f0fa1b88a6e96cc2d37ae11cfbfe5b1a83c5171b84fec81a,block-4,45
pair_43a00210a88af541,fb_002_tuesday_repair,HIDDEN_REPEAT,D,A,sha256:1fbf8afdf9fe2de7481e3519ea12e7350020f18fe5fccce2dfdad65f9fbfe22d,sha256:5688631aa7ae39d6f0fa1b88a6e96cc2d37ae11cfbfe5b1a83c5171b84fec81a,block-4,46
pair_a9faa73451cf2355,fb_001_tuesday_repair,AUDIT,A,B,sha256:5688631aa7ae39d6f0fa1b88a6e96cc2d37ae11cfbfe5b1a83c5171b84fec81a,sha256:622ff408816735590911393428e74b041d56d73883e1d1765a354877e4f3bd17,block-4,47
pair_8d4a40fa971dd9a3,fb_009_tuesday_repair,HIDDEN_REPEAT,D,C,sha256:c2ae680ef14d734f658333735898c7ea7cd576f4070b51a107716fcdb82afc69,sha256:3ca9e8078c88fda925b71a5ea40c29b940f23c8ee0b4165764ad43b964feb6b9,block-4,48
