job_id,case_id,variant,video_path,prompt,prompt_chars,event_count,avoid_count,duration_sec,primary_source,fallback_source,route,video_conditioned_primary,fallback_allowed,claim_boundary,expected_output_wav,expected_metrics_json,expected_failure_json,ready_for_generation,qa_flags
w18_001_forest_bird_branch_001_naive,forest_bird_branch_001,naive,cases/forest_bird_branch_001/input_video.mp4,"Create realistic sound effects for this short video. Scene: forest close-up with a bird moving on a branch. Use natural ambience and match visible actions. Avoid human speech, heavy wind, music bed, urban traffic, speech, lyrics, voiceover.",240,4,7,10.0,MMAudio,StableAudioOpen_or_T2A,video_to_audio_primary_with_text_fallback,True,True,MMAudio output can be claimed as V2A only if WAV is actually generated from video input; T2A fallback is not video-synchronized evidence.,artifacts/model_runs/w18_dss_ablation/forest_bird_branch_001/naive/w18_001_forest_bird_branch_001_naive.wav,artifacts/model_runs/w18_dss_ablation/forest_bird_branch_001/naive/w18_001_forest_bird_branch_001_naive.metrics.json,artifacts/model_runs/w18_dss_ablation/forest_bird_branch_001/naive/w18_001_forest_bird_branch_001_naive.failure.json,True,
w18_002_forest_bird_branch_001_naive_rich,forest_bird_branch_001,naive_rich,cases/forest_bird_branch_001/input_video.mp4,"Create realistic sound effects for this short video. Scene: forest close-up with a bird moving on a branch. The visible actions include: around 0.00s, forest forest_wind with soft wind through leaves; around 0.00s, bird bird_chirp with two short bird chirps; around 0.00s, leaf leaf_rustle with small animal or bird rustling leaves; around 0.00s, branch branch_crack with dry branch crack. Make the sounds natural, synchronized, and cinematic. Avoid human speech, heavy wind, music bed, urban traffic, speech, lyrics, voiceover.",528,4,7,10.0,MMAudio,StableAudioOpen_or_T2A,video_to_audio_primary_with_text_fallback,True,True,MMAudio output can be claimed as V2A only if WAV is actually generated from video input; T2A fallback is not video-synchronized evidence.,artifacts/model_runs/w18_dss_ablation/forest_bird_branch_001/naive_rich/w18_002_forest_bird_branch_001_naive_rich.wav,artifacts/model_runs/w18_dss_ablation/forest_bird_branch_001/naive_rich/w18_002_forest_bird_branch_001_naive_rich.metrics.json,artifacts/model_runs/w18_dss_ablation/forest_bird_branch_001/naive_rich/w18_002_forest_bird_branch_001_naive_rich.failure.json,True,
w18_003_forest_bird_branch_001_dss_global,forest_bird_branch_001,dss_global,cases/forest_bird_branch_001/input_video.mp4,"Generate synchronized audio for a 10.0s video. Global scene: forest close-up with a bird moving on a branch. Overall style: realistic Foley, no speech, no background music. Keep ambience stable, keep foley clear, avoid forbidden content: human speech, heavy wind, music bed, urban traffic, speech, lyrics, voiceover.",316,4,7,10.0,MMAudio,StableAudioOpen_or_T2A,dss_prompt_to_video_to_audio_primary_with_text_fallback,True,True,DSS prompt controls generation input; only true video-conditioned model output can be claimed as V2A.,artifacts/model_runs/w18_dss_ablation/forest_bird_branch_001/dss_global/w18_003_forest_bird_branch_001_dss_global.wav,artifacts/model_runs/w18_dss_ablation/forest_bird_branch_001/dss_global/w18_003_forest_bird_branch_001_dss_global.metrics.json,artifacts/model_runs/w18_dss_ablation/forest_bird_branch_001/dss_global/w18_003_forest_bird_branch_001_dss_global.failure.json,True,
w18_004_forest_bird_branch_001_dss_event_timeline,forest_bird_branch_001,dss_event_timeline,cases/forest_bird_branch_001/input_video.mp4,"Generate audio for a 10.0s video using this event timeline. Scene: forest close-up with a bird moving on a branch. Event timeline: 0.00s: object=forest; action=forest_wind; sound=soft wind through leaves; layer=foley; priority=2; tolerance=500ms | 0.00s: object=bird; action=bird_chirp; sound=two short bird chirps; layer=foley; priority=3; tolerance=150ms | 0.00s: object=leaf; action=leaf_rustle; sound=small animal or bird rustling leaves; layer=foley; priority=4; tolerance=180ms | 0.00s: object=branch; action=branch_crack; sound=dry branch crack; layer=foley; priority=5; tolerance=100ms. Preserve temporal order. Align transient sounds to event timestamps. Do not add: human speech, heavy wind, music bed, urban traffic, speech, lyrics, voiceover.",754,4,7,10.0,MMAudio,StableAudioOpen_or_T2A,dss_prompt_to_video_to_audio_primary_with_text_fallback,True,True,DSS prompt controls generation input; only true video-conditioned model output can be claimed as V2A.,artifacts/model_runs/w18_dss_ablation/forest_bird_branch_001/dss_event_timeline/w18_004_forest_bird_branch_001_dss_event_timeline.wav,artifacts/model_runs/w18_dss_ablation/forest_bird_branch_001/dss_event_timeline/w18_004_forest_bird_branch_001_dss_event_timeline.metrics.json,artifacts/model_runs/w18_dss_ablation/forest_bird_branch_001/dss_event_timeline/w18_004_forest_bird_branch_001_dss_event_timeline.failure.json,True,
w18_005_forest_bird_branch_001_dss_layer_avoid,forest_bird_branch_001,dss_layer_avoid,cases/forest_bird_branch_001/input_video.mp4,"Generate layered video-synchronized audio. Scene layer: forest close-up with a bird moving on a branch. Foley layer must emphasize these events: 0.00s: object=forest; action=forest_wind; sound=soft wind through leaves; layer=foley; priority=2; tolerance=500ms | 0.00s: object=bird; action=bird_chirp; sound=two short bird chirps; layer=foley; priority=3; tolerance=150ms | 0.00s: object=leaf; action=leaf_rustle; sound=small animal or bird rustling leaves; layer=foley; priority=4; tolerance=180ms | 0.00s: object=branch; action=branch_crack; sound=dry branch crack; layer=foley; priority=5; tolerance=100ms. Ambience layer should remain low, continuous, and non-dominant. Music layer should be absent unless explicitly required. Forbidden content: human speech, heavy wind, music bed, urban traffic, speech, lyrics, voiceover. No speech, no lyrics, no unrelated background music.",880,4,7,10.0,MMAudio,StableAudioOpen_or_T2A,dss_prompt_to_video_to_audio_primary_with_text_fallback,True,True,DSS prompt controls generation input; only true video-conditioned model output can be claimed as V2A.,artifacts/model_runs/w18_dss_ablation/forest_bird_branch_001/dss_layer_avoid/w18_005_forest_bird_branch_001_dss_layer_avoid.wav,artifacts/model_runs/w18_dss_ablation/forest_bird_branch_001/dss_layer_avoid/w18_005_forest_bird_branch_001_dss_layer_avoid.metrics.json,artifacts/model_runs/w18_dss_ablation/forest_bird_branch_001/dss_layer_avoid/w18_005_forest_bird_branch_001_dss_layer_avoid.failure.json,True,
w18_006_glass_drop_room_001_naive,glass_drop_room_001,naive,cases/glass_drop_room_001/input_video.mp4,"Create realistic sound effects for this short video. Scene: quiet indoor room, a glass object drops and breaks on a hard floor. Use natural ambience and match visible actions. Avoid speech, music, cartoon boing, long reverb tail, lyrics, voiceover.",248,4,6,10.0,MMAudio,StableAudioOpen_or_T2A,video_to_audio_primary_with_text_fallback,True,True,MMAudio output can be claimed as V2A only if WAV is actually generated from video input; T2A fallback is not video-synchronized evidence.,artifacts/model_runs/w18_dss_ablation/glass_drop_room_001/naive/w18_006_glass_drop_room_001_naive.wav,artifacts/model_runs/w18_dss_ablation/glass_drop_room_001/naive/w18_006_glass_drop_room_001_naive.metrics.json,artifacts/model_runs/w18_dss_ablation/glass_drop_room_001/naive/w18_006_glass_drop_room_001_naive.failure.json,True,
w18_007_glass_drop_room_001_naive_rich,glass_drop_room_001,naive_rich,cases/glass_drop_room_001/input_video.mp4,"Create realistic sound effects for this short video. Scene: quiet indoor room, a glass object drops and breaks on a hard floor. The visible actions include: around 0.00s, quiet quiet_room_tone with quiet indoor room tone; around 0.00s, glass glass_slip with glass sliding off table edge; around 0.00s, impact impact with sharp glass impact on hard floor; around 0.00s, shatter shatter_tail with small glass fragments scattering. Make the sounds natural, synchronized, and cinematic. Avoid speech, music, cartoon boing, long reverb tail, lyrics, voiceover.",555,4,6,10.0,MMAudio,StableAudioOpen_or_T2A,video_to_audio_primary_with_text_fallback,True,True,MMAudio output can be claimed as V2A only if WAV is actually generated from video input; T2A fallback is not video-synchronized evidence.,artifacts/model_runs/w18_dss_ablation/glass_drop_room_001/naive_rich/w18_007_glass_drop_room_001_naive_rich.wav,artifacts/model_runs/w18_dss_ablation/glass_drop_room_001/naive_rich/w18_007_glass_drop_room_001_naive_rich.metrics.json,artifacts/model_runs/w18_dss_ablation/glass_drop_room_001/naive_rich/w18_007_glass_drop_room_001_naive_rich.failure.json,True,
w18_008_glass_drop_room_001_dss_global,glass_drop_room_001,dss_global,cases/glass_drop_room_001/input_video.mp4,"Generate synchronized audio for a 10.0s video. Global scene: quiet indoor room, a glass object drops and breaks on a hard floor. Overall style: realistic Foley, no speech, no background music. Keep ambience stable, keep foley clear, avoid forbidden content: speech, music, cartoon boing, long reverb tail, lyrics, voiceover.",324,4,6,10.0,MMAudio,StableAudioOpen_or_T2A,dss_prompt_to_video_to_audio_primary_with_text_fallback,True,True,DSS prompt controls generation input; only true video-conditioned model output can be claimed as V2A.,artifacts/model_runs/w18_dss_ablation/glass_drop_room_001/dss_global/w18_008_glass_drop_room_001_dss_global.wav,artifacts/model_runs/w18_dss_ablation/glass_drop_room_001/dss_global/w18_008_glass_drop_room_001_dss_global.metrics.json,artifacts/model_runs/w18_dss_ablation/glass_drop_room_001/dss_global/w18_008_glass_drop_room_001_dss_global.failure.json,True,
w18_009_glass_drop_room_001_dss_event_timeline,glass_drop_room_001,dss_event_timeline,cases/glass_drop_room_001/input_video.mp4,"Generate audio for a 10.0s video using this event timeline. Scene: quiet indoor room, a glass object drops and breaks on a hard floor. Event timeline: 0.00s: object=quiet; action=quiet_room_tone; sound=quiet indoor room tone; layer=foley; priority=1; tolerance=500ms | 0.00s: object=glass; action=glass_slip; sound=glass sliding off table edge; layer=foley; priority=4; tolerance=120ms | 0.00s: object=impact; action=impact; sound=sharp glass impact on hard floor; layer=foley; priority=5; tolerance=70ms | 0.00s: object=shatter; action=shatter_tail; sound=small glass fragments scattering; layer=foley; priority=5; tolerance=100ms. Preserve temporal order. Align transient sounds to event timestamps. Do not add: speech, music, cartoon boing, long reverb tail, lyrics, voiceover.",780,4,6,10.0,MMAudio,StableAudioOpen_or_T2A,dss_prompt_to_video_to_audio_primary_with_text_fallback,True,True,DSS prompt controls generation input; only true video-conditioned model output can be claimed as V2A.,artifacts/model_runs/w18_dss_ablation/glass_drop_room_001/dss_event_timeline/w18_009_glass_drop_room_001_dss_event_timeline.wav,artifacts/model_runs/w18_dss_ablation/glass_drop_room_001/dss_event_timeline/w18_009_glass_drop_room_001_dss_event_timeline.metrics.json,artifacts/model_runs/w18_dss_ablation/glass_drop_room_001/dss_event_timeline/w18_009_glass_drop_room_001_dss_event_timeline.failure.json,True,
w18_010_glass_drop_room_001_dss_layer_avoid,glass_drop_room_001,dss_layer_avoid,cases/glass_drop_room_001/input_video.mp4,"Generate layered video-synchronized audio. Scene layer: quiet indoor room, a glass object drops and breaks on a hard floor. Foley layer must emphasize these events: 0.00s: object=quiet; action=quiet_room_tone; sound=quiet indoor room tone; layer=foley; priority=1; tolerance=500ms | 0.00s: object=glass; action=glass_slip; sound=glass sliding off table edge; layer=foley; priority=4; tolerance=120ms | 0.00s: object=impact; action=impact; sound=sharp glass impact on hard floor; layer=foley; priority=5; tolerance=70ms | 0.00s: object=shatter; action=shatter_tail; sound=small glass fragments scattering; layer=foley; priority=5; tolerance=100ms. Ambience layer should remain low, continuous, and non-dominant. Music layer should be absent unless explicitly required. Forbidden content: speech, music, cartoon boing, long reverb tail, lyrics, voiceover. No speech, no lyrics, no unrelated background music.",906,4,6,10.0,MMAudio,StableAudioOpen_or_T2A,dss_prompt_to_video_to_audio_primary_with_text_fallback,True,True,DSS prompt controls generation input; only true video-conditioned model output can be claimed as V2A.,artifacts/model_runs/w18_dss_ablation/glass_drop_room_001/dss_layer_avoid/w18_010_glass_drop_room_001_dss_layer_avoid.wav,artifacts/model_runs/w18_dss_ablation/glass_drop_room_001/dss_layer_avoid/w18_010_glass_drop_room_001_dss_layer_avoid.metrics.json,artifacts/model_runs/w18_dss_ablation/glass_drop_room_001/dss_layer_avoid/w18_010_glass_drop_room_001_dss_layer_avoid.failure.json,True,
w18_011_kitchen_chop_sizzle_001_naive,kitchen_chop_sizzle_001,naive,cases/kitchen_chop_sizzle_001/input_video.mp4,"Create realistic sound effects for this short video. Scene: kitchen preparation with chopping and pan sizzle. Use natural ambience and match visible actions. Avoid speech, restaurant crowd, music, alarm beep, lyrics, voiceover.",227,4,6,10.0,MMAudio,StableAudioOpen_or_T2A,video_to_audio_primary_with_text_fallback,True,True,MMAudio output can be claimed as V2A only if WAV is actually generated from video input; T2A fallback is not video-synchronized evidence.,artifacts/model_runs/w18_dss_ablation/kitchen_chop_sizzle_001/naive/w18_011_kitchen_chop_sizzle_001_naive.wav,artifacts/model_runs/w18_dss_ablation/kitchen_chop_sizzle_001/naive/w18_011_kitchen_chop_sizzle_001_naive.metrics.json,artifacts/model_runs/w18_dss_ablation/kitchen_chop_sizzle_001/naive/w18_011_kitchen_chop_sizzle_001_naive.failure.json,True,
w18_012_kitchen_chop_sizzle_001_naive_rich,kitchen_chop_sizzle_001,naive_rich,cases/kitchen_chop_sizzle_001/input_video.mp4,"Create realistic sound effects for this short video. Scene: kitchen preparation with chopping and pan sizzle. The visible actions include: around 0.00s, room room_tone with small indoor kitchen room tone; around 0.00s, knife knife_chops with rhythmic vegetable chopping on wooden board; around 0.00s, pan pan_sizzle_rise with oil and food sizzling in pan; around 0.00s, plate plate_set_down with ceramic plate placed on counter. Make the sounds natural, synchronized, and cinematic. Avoid speech, restaurant crowd, music, alarm beep, lyrics, voiceover.",552,4,6,10.0,MMAudio,StableAudioOpen_or_T2A,video_to_audio_primary_with_text_fallback,True,True,MMAudio output can be claimed as V2A only if WAV is actually generated from video input; T2A fallback is not video-synchronized evidence.,artifacts/model_runs/w18_dss_ablation/kitchen_chop_sizzle_001/naive_rich/w18_012_kitchen_chop_sizzle_001_naive_rich.wav,artifacts/model_runs/w18_dss_ablation/kitchen_chop_sizzle_001/naive_rich/w18_012_kitchen_chop_sizzle_001_naive_rich.metrics.json,artifacts/model_runs/w18_dss_ablation/kitchen_chop_sizzle_001/naive_rich/w18_012_kitchen_chop_sizzle_001_naive_rich.failure.json,True,
w18_013_kitchen_chop_sizzle_001_dss_global,kitchen_chop_sizzle_001,dss_global,cases/kitchen_chop_sizzle_001/input_video.mp4,"Generate synchronized audio for a 10.0s video. Global scene: kitchen preparation with chopping and pan sizzle. Overall style: realistic Foley, no speech, no background music. Keep ambience stable, keep foley clear, avoid forbidden content: speech, restaurant crowd, music, alarm beep, lyrics, voiceover.",303,4,6,10.0,MMAudio,StableAudioOpen_or_T2A,dss_prompt_to_video_to_audio_primary_with_text_fallback,True,True,DSS prompt controls generation input; only true video-conditioned model output can be claimed as V2A.,artifacts/model_runs/w18_dss_ablation/kitchen_chop_sizzle_001/dss_global/w18_013_kitchen_chop_sizzle_001_dss_global.wav,artifacts/model_runs/w18_dss_ablation/kitchen_chop_sizzle_001/dss_global/w18_013_kitchen_chop_sizzle_001_dss_global.metrics.json,artifacts/model_runs/w18_dss_ablation/kitchen_chop_sizzle_001/dss_global/w18_013_kitchen_chop_sizzle_001_dss_global.failure.json,True,
w18_014_kitchen_chop_sizzle_001_dss_event_timeline,kitchen_chop_sizzle_001,dss_event_timeline,cases/kitchen_chop_sizzle_001/input_video.mp4,"Generate audio for a 10.0s video using this event timeline. Scene: kitchen preparation with chopping and pan sizzle. Event timeline: 0.00s: object=room; action=room_tone; sound=small indoor kitchen room tone; layer=foley; priority=1; tolerance=500ms | 0.00s: object=knife; action=knife_chops; sound=rhythmic vegetable chopping on wooden board; layer=foley; priority=5; tolerance=100ms | 0.00s: object=pan; action=pan_sizzle_rise; sound=oil and food sizzling in pan; layer=foley; priority=4; tolerance=250ms | 0.00s: object=plate; action=plate_set_down; sound=ceramic plate placed on counter; layer=foley; priority=3; tolerance=120ms. Preserve temporal order. Align transient sounds to event timestamps. Do not add: speech, restaurant crowd, music, alarm beep, lyrics, voiceover.",778,4,6,10.0,MMAudio,StableAudioOpen_or_T2A,dss_prompt_to_video_to_audio_primary_with_text_fallback,True,True,DSS prompt controls generation input; only true video-conditioned model output can be claimed as V2A.,artifacts/model_runs/w18_dss_ablation/kitchen_chop_sizzle_001/dss_event_timeline/w18_014_kitchen_chop_sizzle_001_dss_event_timeline.wav,artifacts/model_runs/w18_dss_ablation/kitchen_chop_sizzle_001/dss_event_timeline/w18_014_kitchen_chop_sizzle_001_dss_event_timeline.metrics.json,artifacts/model_runs/w18_dss_ablation/kitchen_chop_sizzle_001/dss_event_timeline/w18_014_kitchen_chop_sizzle_001_dss_event_timeline.failure.json,True,
w18_015_kitchen_chop_sizzle_001_dss_layer_avoid,kitchen_chop_sizzle_001,dss_layer_avoid,cases/kitchen_chop_sizzle_001/input_video.mp4,"Generate layered video-synchronized audio. Scene layer: kitchen preparation with chopping and pan sizzle. Foley layer must emphasize these events: 0.00s: object=room; action=room_tone; sound=small indoor kitchen room tone; layer=foley; priority=1; tolerance=500ms | 0.00s: object=knife; action=knife_chops; sound=rhythmic vegetable chopping on wooden board; layer=foley; priority=5; tolerance=100ms | 0.00s: object=pan; action=pan_sizzle_rise; sound=oil and food sizzling in pan; layer=foley; priority=4; tolerance=250ms | 0.00s: object=plate; action=plate_set_down; sound=ceramic plate placed on counter; layer=foley; priority=3; tolerance=120ms. Ambience layer should remain low, continuous, and non-dominant. Music layer should be absent unless explicitly required. Forbidden content: speech, restaurant crowd, music, alarm beep, lyrics, voiceover. No speech, no lyrics, no unrelated background music.",904,4,6,10.0,MMAudio,StableAudioOpen_or_T2A,dss_prompt_to_video_to_audio_primary_with_text_fallback,True,True,DSS prompt controls generation input; only true video-conditioned model output can be claimed as V2A.,artifacts/model_runs/w18_dss_ablation/kitchen_chop_sizzle_001/dss_layer_avoid/w18_015_kitchen_chop_sizzle_001_dss_layer_avoid.wav,artifacts/model_runs/w18_dss_ablation/kitchen_chop_sizzle_001/dss_layer_avoid/w18_015_kitchen_chop_sizzle_001_dss_layer_avoid.metrics.json,artifacts/model_runs/w18_dss_ablation/kitchen_chop_sizzle_001/dss_layer_avoid/w18_015_kitchen_chop_sizzle_001_dss_layer_avoid.failure.json,True,
w18_016_robot_warehouse_pick_001_naive,robot_warehouse_pick_001,naive,cases/robot_warehouse_pick_001/input_video.mp4,"Create realistic sound effects for this short video. Scene: robot arm picking an item in a warehouse. Use natural ambience and match visible actions. Avoid human speech, music, explosion, vehicle horn, speech, lyrics, voiceover.",228,4,7,10.0,MMAudio,StableAudioOpen_or_T2A,video_to_audio_primary_with_text_fallback,True,True,MMAudio output can be claimed as V2A only if WAV is actually generated from video input; T2A fallback is not video-synchronized evidence.,artifacts/model_runs/w18_dss_ablation/robot_warehouse_pick_001/naive/w18_016_robot_warehouse_pick_001_naive.wav,artifacts/model_runs/w18_dss_ablation/robot_warehouse_pick_001/naive/w18_016_robot_warehouse_pick_001_naive.metrics.json,artifacts/model_runs/w18_dss_ablation/robot_warehouse_pick_001/naive/w18_016_robot_warehouse_pick_001_naive.failure.json,True,
w18_017_robot_warehouse_pick_001_naive_rich,robot_warehouse_pick_001,naive_rich,cases/robot_warehouse_pick_001/input_video.mp4,"Create realistic sound effects for this short video. Scene: robot arm picking an item in a warehouse. The visible actions include: around 0.00s, warehouse warehouse_hum with low warehouse ventilation hum; around 0.00s, servo servo_arm_move with precise electric servo arm movement; around 0.00s, box box_lift with cardboard box lifted from shelf; around 0.00s, confirm confirm_beep with short clean robot confirmation beep. Make the sounds natural, synchronized, and cinematic. Avoid human speech, music, explosion, vehicle horn, speech, lyrics, voiceover.",556,4,7,10.0,MMAudio,StableAudioOpen_or_T2A,video_to_audio_primary_with_text_fallback,True,True,MMAudio output can be claimed as V2A only if WAV is actually generated from video input; T2A fallback is not video-synchronized evidence.,artifacts/model_runs/w18_dss_ablation/robot_warehouse_pick_001/naive_rich/w18_017_robot_warehouse_pick_001_naive_rich.wav,artifacts/model_runs/w18_dss_ablation/robot_warehouse_pick_001/naive_rich/w18_017_robot_warehouse_pick_001_naive_rich.metrics.json,artifacts/model_runs/w18_dss_ablation/robot_warehouse_pick_001/naive_rich/w18_017_robot_warehouse_pick_001_naive_rich.failure.json,True,
w18_018_robot_warehouse_pick_001_dss_global,robot_warehouse_pick_001,dss_global,cases/robot_warehouse_pick_001/input_video.mp4,"Generate synchronized audio for a 10.0s video. Global scene: robot arm picking an item in a warehouse. Overall style: realistic Foley, no speech, no background music. Keep ambience stable, keep foley clear, avoid forbidden content: human speech, music, explosion, vehicle horn, speech, lyrics, voiceover.",304,4,7,10.0,MMAudio,StableAudioOpen_or_T2A,dss_prompt_to_video_to_audio_primary_with_text_fallback,True,True,DSS prompt controls generation input; only true video-conditioned model output can be claimed as V2A.,artifacts/model_runs/w18_dss_ablation/robot_warehouse_pick_001/dss_global/w18_018_robot_warehouse_pick_001_dss_global.wav,artifacts/model_runs/w18_dss_ablation/robot_warehouse_pick_001/dss_global/w18_018_robot_warehouse_pick_001_dss_global.metrics.json,artifacts/model_runs/w18_dss_ablation/robot_warehouse_pick_001/dss_global/w18_018_robot_warehouse_pick_001_dss_global.failure.json,True,
w18_019_robot_warehouse_pick_001_dss_event_timeline,robot_warehouse_pick_001,dss_event_timeline,cases/robot_warehouse_pick_001/input_video.mp4,"Generate audio for a 10.0s video using this event timeline. Scene: robot arm picking an item in a warehouse. Event timeline: 0.00s: object=warehouse; action=warehouse_hum; sound=low warehouse ventilation hum; layer=foley; priority=1; tolerance=600ms | 0.00s: object=servo; action=servo_arm_move; sound=precise electric servo arm movement; layer=foley; priority=4; tolerance=180ms | 0.00s: object=box; action=box_lift; sound=cardboard box lifted from shelf; layer=foley; priority=5; tolerance=150ms | 0.00s: object=confirm; action=confirm_beep; sound=short clean robot confirmation beep; layer=foley; priority=3; tolerance=80ms. Preserve temporal order. Align transient sounds to event timestamps. Do not add: human speech, music, explosion, vehicle horn, speech, lyrics, voiceover.",781,4,7,10.0,MMAudio,StableAudioOpen_or_T2A,dss_prompt_to_video_to_audio_primary_with_text_fallback,True,True,DSS prompt controls generation input; only true video-conditioned model output can be claimed as V2A.,artifacts/model_runs/w18_dss_ablation/robot_warehouse_pick_001/dss_event_timeline/w18_019_robot_warehouse_pick_001_dss_event_timeline.wav,artifacts/model_runs/w18_dss_ablation/robot_warehouse_pick_001/dss_event_timeline/w18_019_robot_warehouse_pick_001_dss_event_timeline.metrics.json,artifacts/model_runs/w18_dss_ablation/robot_warehouse_pick_001/dss_event_timeline/w18_019_robot_warehouse_pick_001_dss_event_timeline.failure.json,True,
w18_020_robot_warehouse_pick_001_dss_layer_avoid,robot_warehouse_pick_001,dss_layer_avoid,cases/robot_warehouse_pick_001/input_video.mp4,"Generate layered video-synchronized audio. Scene layer: robot arm picking an item in a warehouse. Foley layer must emphasize these events: 0.00s: object=warehouse; action=warehouse_hum; sound=low warehouse ventilation hum; layer=foley; priority=1; tolerance=600ms | 0.00s: object=servo; action=servo_arm_move; sound=precise electric servo arm movement; layer=foley; priority=4; tolerance=180ms | 0.00s: object=box; action=box_lift; sound=cardboard box lifted from shelf; layer=foley; priority=5; tolerance=150ms | 0.00s: object=confirm; action=confirm_beep; sound=short clean robot confirmation beep; layer=foley; priority=3; tolerance=80ms. Ambience layer should remain low, continuous, and non-dominant. Music layer should be absent unless explicitly required. Forbidden content: human speech, music, explosion, vehicle horn, speech, lyrics, voiceover. No speech, no lyrics, no unrelated background music.",907,4,7,10.0,MMAudio,StableAudioOpen_or_T2A,dss_prompt_to_video_to_audio_primary_with_text_fallback,True,True,DSS prompt controls generation input; only true video-conditioned model output can be claimed as V2A.,artifacts/model_runs/w18_dss_ablation/robot_warehouse_pick_001/dss_layer_avoid/w18_020_robot_warehouse_pick_001_dss_layer_avoid.wav,artifacts/model_runs/w18_dss_ablation/robot_warehouse_pick_001/dss_layer_avoid/w18_020_robot_warehouse_pick_001_dss_layer_avoid.metrics.json,artifacts/model_runs/w18_dss_ablation/robot_warehouse_pick_001/dss_layer_avoid/w18_020_robot_warehouse_pick_001_dss_layer_avoid.failure.json,True,
w18_021_street_rain_crosswalk_001_naive,street_rain_crosswalk_001,naive,cases/street_rain_crosswalk_001/input_video.mp4,"Create realistic sound effects for this short video. Scene: rainy street crosswalk with passing footsteps and vehicles. Use natural ambience and match visible actions. Avoid clear sunny ambience, music, speech, sirens, lyrics, voiceover.",237,4,6,10.0,MMAudio,StableAudioOpen_or_T2A,video_to_audio_primary_with_text_fallback,True,True,MMAudio output can be claimed as V2A only if WAV is actually generated from video input; T2A fallback is not video-synchronized evidence.,artifacts/model_runs/w18_dss_ablation/street_rain_crosswalk_001/naive/w18_021_street_rain_crosswalk_001_naive.wav,artifacts/model_runs/w18_dss_ablation/street_rain_crosswalk_001/naive/w18_021_street_rain_crosswalk_001_naive.metrics.json,artifacts/model_runs/w18_dss_ablation/street_rain_crosswalk_001/naive/w18_021_street_rain_crosswalk_001_naive.failure.json,True,
w18_022_street_rain_crosswalk_001_naive_rich,street_rain_crosswalk_001,naive_rich,cases/street_rain_crosswalk_001/input_video.mp4,"Create realistic sound effects for this short video. Scene: rainy street crosswalk with passing footsteps and vehicles. The visible actions include: around 0.00s, rain rain_ambience_start with steady light rain and wet street bed; around 0.00s, footsteps footsteps_enter with wet shoes stepping through shallow water; around 0.00s, car car_pass_left_to_right with muffled car pass-by on wet road; around 0.00s, puddle puddle_splash with single sharp puddle splash near camera. Make the sounds natural, synchronized, and cinematic. Avoid clear sunny ambience, music, speech, sirens, lyrics, voiceover.",600,4,6,10.0,MMAudio,StableAudioOpen_or_T2A,video_to_audio_primary_with_text_fallback,True,True,MMAudio output can be claimed as V2A only if WAV is actually generated from video input; T2A fallback is not video-synchronized evidence.,artifacts/model_runs/w18_dss_ablation/street_rain_crosswalk_001/naive_rich/w18_022_street_rain_crosswalk_001_naive_rich.wav,artifacts/model_runs/w18_dss_ablation/street_rain_crosswalk_001/naive_rich/w18_022_street_rain_crosswalk_001_naive_rich.metrics.json,artifacts/model_runs/w18_dss_ablation/street_rain_crosswalk_001/naive_rich/w18_022_street_rain_crosswalk_001_naive_rich.failure.json,True,
w18_023_street_rain_crosswalk_001_dss_global,street_rain_crosswalk_001,dss_global,cases/street_rain_crosswalk_001/input_video.mp4,"Generate synchronized audio for a 10.0s video. Global scene: rainy street crosswalk with passing footsteps and vehicles. Overall style: realistic Foley, no speech, no background music. Keep ambience stable, keep foley clear, avoid forbidden content: clear sunny ambience, music, speech, sirens, lyrics, voiceover.",313,4,6,10.0,MMAudio,StableAudioOpen_or_T2A,dss_prompt_to_video_to_audio_primary_with_text_fallback,True,True,DSS prompt controls generation input; only true video-conditioned model output can be claimed as V2A.,artifacts/model_runs/w18_dss_ablation/street_rain_crosswalk_001/dss_global/w18_023_street_rain_crosswalk_001_dss_global.wav,artifacts/model_runs/w18_dss_ablation/street_rain_crosswalk_001/dss_global/w18_023_street_rain_crosswalk_001_dss_global.metrics.json,artifacts/model_runs/w18_dss_ablation/street_rain_crosswalk_001/dss_global/w18_023_street_rain_crosswalk_001_dss_global.failure.json,True,
w18_024_street_rain_crosswalk_001_dss_event_timeline,street_rain_crosswalk_001,dss_event_timeline,cases/street_rain_crosswalk_001/input_video.mp4,"Generate audio for a 10.0s video using this event timeline. Scene: rainy street crosswalk with passing footsteps and vehicles. Event timeline: 0.00s: object=rain; action=rain_ambience_start; sound=steady light rain and wet street bed; layer=foley; priority=2; tolerance=500ms | 0.00s: object=footsteps; action=footsteps_enter; sound=wet shoes stepping through shallow water; layer=foley; priority=4; tolerance=180ms | 0.00s: object=car; action=car_pass_left_to_right; sound=muffled car pass-by on wet road; layer=foley; priority=3; tolerance=250ms | 0.00s: object=puddle; action=puddle_splash; sound=single sharp puddle splash near camera; layer=foley; priority=5; tolerance=120ms. Preserve temporal order. Align transient sounds to event timestamps. Do not add: clear sunny ambience, music, speech, sirens, lyrics, voiceover.",826,4,6,10.0,MMAudio,StableAudioOpen_or_T2A,dss_prompt_to_video_to_audio_primary_with_text_fallback,True,True,DSS prompt controls generation input; only true video-conditioned model output can be claimed as V2A.,artifacts/model_runs/w18_dss_ablation/street_rain_crosswalk_001/dss_event_timeline/w18_024_street_rain_crosswalk_001_dss_event_timeline.wav,artifacts/model_runs/w18_dss_ablation/street_rain_crosswalk_001/dss_event_timeline/w18_024_street_rain_crosswalk_001_dss_event_timeline.metrics.json,artifacts/model_runs/w18_dss_ablation/street_rain_crosswalk_001/dss_event_timeline/w18_024_street_rain_crosswalk_001_dss_event_timeline.failure.json,True,
w18_025_street_rain_crosswalk_001_dss_layer_avoid,street_rain_crosswalk_001,dss_layer_avoid,cases/street_rain_crosswalk_001/input_video.mp4,"Generate layered video-synchronized audio. Scene layer: rainy street crosswalk with passing footsteps and vehicles. Foley layer must emphasize these events: 0.00s: object=rain; action=rain_ambience_start; sound=steady light rain and wet street bed; layer=foley; priority=2; tolerance=500ms | 0.00s: object=footsteps; action=footsteps_enter; sound=wet shoes stepping through shallow water; layer=foley; priority=4; tolerance=180ms | 0.00s: object=car; action=car_pass_left_to_right; sound=muffled car pass-by on wet road; layer=foley; priority=3; tolerance=250ms | 0.00s: object=puddle; action=puddle_splash; sound=single sharp puddle splash near camera; layer=foley; priority=5; tolerance=120ms. Ambience layer should remain low, continuous, and non-dominant. Music layer should be absent unless explicitly required. Forbidden content: clear sunny ambience, music, speech, sirens, lyrics, voiceover. No speech, no lyrics, no unrelated background music.",952,4,6,10.0,MMAudio,StableAudioOpen_or_T2A,dss_prompt_to_video_to_audio_primary_with_text_fallback,True,True,DSS prompt controls generation input; only true video-conditioned model output can be claimed as V2A.,artifacts/model_runs/w18_dss_ablation/street_rain_crosswalk_001/dss_layer_avoid/w18_025_street_rain_crosswalk_001_dss_layer_avoid.wav,artifacts/model_runs/w18_dss_ablation/street_rain_crosswalk_001/dss_layer_avoid/w18_025_street_rain_crosswalk_001_dss_layer_avoid.metrics.json,artifacts/model_runs/w18_dss_ablation/street_rain_crosswalk_001/dss_layer_avoid/w18_025_street_rain_crosswalk_001_dss_layer_avoid.failure.json,True,
w18_026_subway_arrival_door_001_naive,subway_arrival_door_001,naive,cases/subway_arrival_door_001/input_video.mp4,"Create realistic sound effects for this short video. Scene: subway train arriving and doors opening. Use natural ambience and match visible actions. Avoid music, speech announcement, car horn, birdsong, speech, lyrics, voiceover.",229,4,7,10.0,MMAudio,StableAudioOpen_or_T2A,video_to_audio_primary_with_text_fallback,True,True,MMAudio output can be claimed as V2A only if WAV is actually generated from video input; T2A fallback is not video-synchronized evidence.,artifacts/model_runs/w18_dss_ablation/subway_arrival_door_001/naive/w18_026_subway_arrival_door_001_naive.wav,artifacts/model_runs/w18_dss_ablation/subway_arrival_door_001/naive/w18_026_subway_arrival_door_001_naive.metrics.json,artifacts/model_runs/w18_dss_ablation/subway_arrival_door_001/naive/w18_026_subway_arrival_door_001_naive.failure.json,True,
w18_027_subway_arrival_door_001_naive_rich,subway_arrival_door_001,naive_rich,cases/subway_arrival_door_001/input_video.mp4,"Create realistic sound effects for this short video. Scene: subway train arriving and doors opening. The visible actions include: around 0.00s, platform platform_bed with underground platform room tone and distant crowd; around 0.00s, train train_rumble_approach with subway train approaching with low rumble; around 0.00s, brake brake_squeal with metal brake squeal as train stops; around 0.00s, door door_open_chime with door open chime and sliding door start. Make the sounds natural, synchronized, and cinematic. Avoid music, speech announcement, car horn, birdsong, speech, lyrics, voiceover.",597,4,7,10.0,MMAudio,StableAudioOpen_or_T2A,video_to_audio_primary_with_text_fallback,True,True,MMAudio output can be claimed as V2A only if WAV is actually generated from video input; T2A fallback is not video-synchronized evidence.,artifacts/model_runs/w18_dss_ablation/subway_arrival_door_001/naive_rich/w18_027_subway_arrival_door_001_naive_rich.wav,artifacts/model_runs/w18_dss_ablation/subway_arrival_door_001/naive_rich/w18_027_subway_arrival_door_001_naive_rich.metrics.json,artifacts/model_runs/w18_dss_ablation/subway_arrival_door_001/naive_rich/w18_027_subway_arrival_door_001_naive_rich.failure.json,True,
w18_028_subway_arrival_door_001_dss_global,subway_arrival_door_001,dss_global,cases/subway_arrival_door_001/input_video.mp4,"Generate synchronized audio for a 10.0s video. Global scene: subway train arriving and doors opening. Overall style: realistic Foley, no speech, no background music. Keep ambience stable, keep foley clear, avoid forbidden content: music, speech announcement, car horn, birdsong, speech, lyrics, voiceover.",305,4,7,10.0,MMAudio,StableAudioOpen_or_T2A,dss_prompt_to_video_to_audio_primary_with_text_fallback,True,True,DSS prompt controls generation input; only true video-conditioned model output can be claimed as V2A.,artifacts/model_runs/w18_dss_ablation/subway_arrival_door_001/dss_global/w18_028_subway_arrival_door_001_dss_global.wav,artifacts/model_runs/w18_dss_ablation/subway_arrival_door_001/dss_global/w18_028_subway_arrival_door_001_dss_global.metrics.json,artifacts/model_runs/w18_dss_ablation/subway_arrival_door_001/dss_global/w18_028_subway_arrival_door_001_dss_global.failure.json,True,
w18_029_subway_arrival_door_001_dss_event_timeline,subway_arrival_door_001,dss_event_timeline,cases/subway_arrival_door_001/input_video.mp4,"Generate audio for a 10.0s video using this event timeline. Scene: subway train arriving and doors opening. Event timeline: 0.00s: object=platform; action=platform_bed; sound=underground platform room tone and distant crowd; layer=foley; priority=2; tolerance=700ms | 0.00s: object=train; action=train_rumble_approach; sound=subway train approaching with low rumble; layer=foley; priority=4; tolerance=250ms | 0.00s: object=brake; action=brake_squeal; sound=metal brake squeal as train stops; layer=foley; priority=5; tolerance=150ms | 0.00s: object=door; action=door_open_chime; sound=door open chime and sliding door start; layer=foley; priority=3; tolerance=120ms. Preserve temporal order. Align transient sounds to event timestamps. Do not add: music, speech announcement, car horn, birdsong, speech, lyrics, voiceover.",823,4,7,10.0,MMAudio,StableAudioOpen_or_T2A,dss_prompt_to_video_to_audio_primary_with_text_fallback,True,True,DSS prompt controls generation input; only true video-conditioned model output can be claimed as V2A.,artifacts/model_runs/w18_dss_ablation/subway_arrival_door_001/dss_event_timeline/w18_029_subway_arrival_door_001_dss_event_timeline.wav,artifacts/model_runs/w18_dss_ablation/subway_arrival_door_001/dss_event_timeline/w18_029_subway_arrival_door_001_dss_event_timeline.metrics.json,artifacts/model_runs/w18_dss_ablation/subway_arrival_door_001/dss_event_timeline/w18_029_subway_arrival_door_001_dss_event_timeline.failure.json,True,
w18_030_subway_arrival_door_001_dss_layer_avoid,subway_arrival_door_001,dss_layer_avoid,cases/subway_arrival_door_001/input_video.mp4,"Generate layered video-synchronized audio. Scene layer: subway train arriving and doors opening. Foley layer must emphasize these events: 0.00s: object=platform; action=platform_bed; sound=underground platform room tone and distant crowd; layer=foley; priority=2; tolerance=700ms | 0.00s: object=train; action=train_rumble_approach; sound=subway train approaching with low rumble; layer=foley; priority=4; tolerance=250ms | 0.00s: object=brake; action=brake_squeal; sound=metal brake squeal as train stops; layer=foley; priority=5; tolerance=150ms | 0.00s: object=door; action=door_open_chime; sound=door open chime and sliding door start; layer=foley; priority=3; tolerance=120ms. Ambience layer should remain low, continuous, and non-dominant. Music layer should be absent unless explicitly required. Forbidden content: music, speech announcement, car horn, birdsong, speech, lyrics, voiceover. No speech, no lyrics, no unrelated background music.",949,4,7,10.0,MMAudio,StableAudioOpen_or_T2A,dss_prompt_to_video_to_audio_primary_with_text_fallback,True,True,DSS prompt controls generation input; only true video-conditioned model output can be claimed as V2A.,artifacts/model_runs/w18_dss_ablation/subway_arrival_door_001/dss_layer_avoid/w18_030_subway_arrival_door_001_dss_layer_avoid.wav,artifacts/model_runs/w18_dss_ablation/subway_arrival_door_001/dss_layer_avoid/w18_030_subway_arrival_door_001_dss_layer_avoid.metrics.json,artifacts/model_runs/w18_dss_ablation/subway_arrival_door_001/dss_layer_avoid/w18_030_subway_arrival_door_001_dss_layer_avoid.failure.json,True,
