case_id,candidate_id,source_label,video_conditioned,readable,eligible_for_rerank,winner_hint,reject_reason,repair_action,artifact_path,duration_sec,rms,peak,silence_ratio,score
forest_bird_branch_001,forest_bird_branch_001__mmaudio__dss_avoid_priority,fallback_mmaudio_baseline,false,true,true,false,,,,8.0,0.016114918515086174,0.350006103515625,0.0088671875,91.0
forest_bird_branch_001,forest_bird_branch_001__mmaudio__dss_compact,fallback_mmaudio_baseline,false,true,true,false,,,,8.0,0.016216369345784187,0.35369873046875,0.0085078125,90.0
glass_drop_room_001,glass_drop_room_001__mmaudio__dss_avoid_priority,fallback_mmaudio_baseline,false,true,true,false,,,,7.0,0.01716248132288456,0.352752685546875,0.00842857142857143,91.0
glass_drop_room_001,glass_drop_room_001__mmaudio__dss_compact,fallback_mmaudio_baseline,false,true,true,false,,,,7.0,0.016829639673233032,0.4444580078125,0.008616071428571428,90.0
kitchen_chop_sizzle_001,kitchen_chop_sizzle_001__mmaudio__dss_avoid_priority,fallback_mmaudio_baseline,false,true,true,false,,,,10.0,0.015005960129201412,0.377410888671875,0.0087,91.0
kitchen_chop_sizzle_001,kitchen_chop_sizzle_001__mmaudio__dss_compact,fallback_mmaudio_baseline,false,true,true,false,,,,10.0,0.015135027468204498,0.32940673828125,0.008675,90.0
robot_warehouse_pick_001,robot_warehouse_pick_001__mmaudio__dss_avoid_priority,fallback_mmaudio_baseline,false,true,true,false,,,,11.0,0.01481595914810896,0.3558349609375,0.009130681818181819,91.0
robot_warehouse_pick_001,robot_warehouse_pick_001__mmaudio__dss_compact,fallback_mmaudio_baseline,false,true,true,false,,,,11.0,0.014517366886138916,0.33758544921875,0.008488636363636363,90.0
street_rain_crosswalk_001,street_rain_crosswalk_001__mmaudio__dss_avoid_priority,fallback_mmaudio_baseline,false,true,true,false,,,,9.0,0.015169627964496613,0.32318115234375,0.009055555555555556,91.0
street_rain_crosswalk_001,street_rain_crosswalk_001__mmaudio__dss_compact,fallback_mmaudio_baseline,false,true,true,false,,,,9.0,0.015538826584815979,0.36334228515625,0.008923611111111111,90.0
subway_arrival_door_001,subway_arrival_door_001__mmaudio__dss_avoid_priority,fallback_mmaudio_baseline,false,true,true,false,,,,12.0,0.014108228497207165,0.320068359375,0.008489583333333333,91.0
subway_arrival_door_001,subway_arrival_door_001__mmaudio__dss_compact,fallback_mmaudio_baseline,false,true,true,false,,,,12.0,0.014335204847157001,0.37310791015625,0.009104166666666667,90.0
forest_bird_branch_001,forest_bird_branch_001__mmaudio__dss_compact,fallback_mmaudio_metrics,false,true,true,false,,,,8.0,0.016216369345784187,0.35369873046875,0.0085078125,
forest_bird_branch_001,forest_bird_branch_001__mmaudio__dss_avoid_priority,fallback_mmaudio_metrics,false,true,true,false,,,,8.0,0.016114918515086174,0.350006103515625,0.0088671875,
glass_drop_room_001,glass_drop_room_001__mmaudio__dss_compact,fallback_mmaudio_metrics,false,true,true,false,,,,7.0,0.016829639673233032,0.4444580078125,0.008616071428571428,
glass_drop_room_001,glass_drop_room_001__mmaudio__dss_avoid_priority,fallback_mmaudio_metrics,false,true,true,false,,,,7.0,0.01716248132288456,0.352752685546875,0.00842857142857143,
kitchen_chop_sizzle_001,kitchen_chop_sizzle_001__mmaudio__dss_compact,fallback_mmaudio_metrics,false,true,true,false,,,,10.0,0.015135027468204498,0.32940673828125,0.008675,
kitchen_chop_sizzle_001,kitchen_chop_sizzle_001__mmaudio__dss_avoid_priority,fallback_mmaudio_metrics,false,true,true,false,,,,10.0,0.015005960129201412,0.377410888671875,0.0087,
robot_warehouse_pick_001,robot_warehouse_pick_001__mmaudio__dss_compact,fallback_mmaudio_metrics,false,true,true,false,,,,11.0,0.014517366886138916,0.33758544921875,0.008488636363636363,
robot_warehouse_pick_001,robot_warehouse_pick_001__mmaudio__dss_avoid_priority,fallback_mmaudio_metrics,false,true,true,false,,,,11.0,0.01481595914810896,0.3558349609375,0.009130681818181819,
street_rain_crosswalk_001,street_rain_crosswalk_001__mmaudio__dss_compact,fallback_mmaudio_metrics,false,true,true,false,,,,9.0,0.015538826584815979,0.36334228515625,0.008923611111111111,
street_rain_crosswalk_001,street_rain_crosswalk_001__mmaudio__dss_avoid_priority,fallback_mmaudio_metrics,false,true,true,false,,,,9.0,0.015169627964496613,0.32318115234375,0.009055555555555556,
subway_arrival_door_001,subway_arrival_door_001__mmaudio__dss_compact,fallback_mmaudio_metrics,false,true,true,false,,,,12.0,0.014335204847157001,0.37310791015625,0.009104166666666667,
subway_arrival_door_001,subway_arrival_door_001__mmaudio__dss_avoid_priority,fallback_mmaudio_metrics,false,true,true,false,,,,12.0,0.014108228497207165,0.320068359375,0.008489583333333333,
forest_bird_branch_001,forest_bird_branch_001__control_rule_foley_v0,control_seed,false,true,true,false,,,/home/GRT/work/audio_engineering_repo_skeleton_v1/artifacts/model_runs/week17_control_baseline/forest_bird_branch_001/forest_bird_branch_001__control_rule_foley_v0.wav,,,,0.055628,1.0
glass_drop_room_001,glass_drop_room_001__control_rule_foley_v0,control_seed,false,true,true,false,,,/home/GRT/work/audio_engineering_repo_skeleton_v1/artifacts/model_runs/week17_control_baseline/glass_drop_room_001/glass_drop_room_001__control_rule_foley_v0.wav,,,,0.078286,1.0
kitchen_chop_sizzle_001,kitchen_chop_sizzle_001__control_rule_foley_v0,control_seed,false,true,true,false,,,/home/GRT/work/audio_engineering_repo_skeleton_v1/artifacts/model_runs/week17_control_baseline/kitchen_chop_sizzle_001/kitchen_chop_sizzle_001__control_rule_foley_v0.wav,,,,0.064533,0.75
robot_warehouse_pick_001,robot_warehouse_pick_001__control_rule_foley_v0,control_seed,false,true,true,false,,,/home/GRT/work/audio_engineering_repo_skeleton_v1/artifacts/model_runs/week17_control_baseline/robot_warehouse_pick_001/robot_warehouse_pick_001__control_rule_foley_v0.wav,,,,0.075636,1.0
street_rain_crosswalk_001,street_rain_crosswalk_001__control_rule_foley_v0,control_seed,false,true,true,false,,,/home/GRT/work/audio_engineering_repo_skeleton_v1/artifacts/model_runs/week17_control_baseline/street_rain_crosswalk_001/street_rain_crosswalk_001__control_rule_foley_v0.wav,,,,0.057479,1.0
subway_arrival_door_001,subway_arrival_door_001__control_rule_foley_v0,control_seed,false,true,true,false,,,/home/GRT/work/audio_engineering_repo_skeleton_v1/artifacts/model_runs/week17_control_baseline/subway_arrival_door_001/subway_arrival_door_001__control_rule_foley_v0.wav,,,,0.056891,1.0
kitchen_chop_sizzle_001,kitchen_chop_sizzle_001__repair_seed__unknown,repair_seed,false,false,false,false,,,,,,,,
glass_drop_room_001,glass_drop_room_001__mmaudio__true_replacement_v0,true_mmaudio_attempt,false,false,false,false,true_mmaudio_attempt_not_readable_or_not_generated,,,0,0,0,1,
forest_bird_branch_001,forest_bird_branch_001__mmaudio__dss_avoid_priority,fallback_mmaudio_baseline,false,true,true,false,,,experiments/mmaudio_baseline_2026_06_30/candidates/forest_bird_branch_001__mmaudio__dss_avoid_priority.wav,,,,,
forest_bird_branch_001,forest_bird_branch_001__mmaudio__dss_compact,fallback_mmaudio_baseline,false,true,true,false,,,experiments/mmaudio_baseline_2026_06_30/candidates/forest_bird_branch_001__mmaudio__dss_compact.wav,,,,,
glass_drop_room_001,glass_drop_room_001__mmaudio__dss_avoid_priority,fallback_mmaudio_baseline,false,true,true,false,,,experiments/mmaudio_baseline_2026_06_30/candidates/glass_drop_room_001__mmaudio__dss_avoid_priority.wav,,,,,
glass_drop_room_001,glass_drop_room_001__mmaudio__dss_compact,fallback_mmaudio_baseline,false,true,true,false,,,experiments/mmaudio_baseline_2026_06_30/candidates/glass_drop_room_001__mmaudio__dss_compact.wav,,,,,
kitchen_chop_sizzle_001,kitchen_chop_sizzle_001__mmaudio__dss_avoid_priority,fallback_mmaudio_baseline,false,true,true,false,,,experiments/mmaudio_baseline_2026_06_30/candidates/kitchen_chop_sizzle_001__mmaudio__dss_avoid_priority.wav,,,,,
kitchen_chop_sizzle_001,kitchen_chop_sizzle_001__mmaudio__dss_compact,fallback_mmaudio_baseline,false,true,true,false,,,experiments/mmaudio_baseline_2026_06_30/candidates/kitchen_chop_sizzle_001__mmaudio__dss_compact.wav,,,,,
robot_warehouse_pick_001,robot_warehouse_pick_001__mmaudio__dss_avoid_priority,fallback_mmaudio_baseline,false,true,true,false,,,experiments/mmaudio_baseline_2026_06_30/candidates/robot_warehouse_pick_001__mmaudio__dss_avoid_priority.wav,,,,,
robot_warehouse_pick_001,robot_warehouse_pick_001__mmaudio__dss_compact,fallback_mmaudio_baseline,false,true,true,false,,,experiments/mmaudio_baseline_2026_06_30/candidates/robot_warehouse_pick_001__mmaudio__dss_compact.wav,,,,,
street_rain_crosswalk_001,street_rain_crosswalk_001__mmaudio__dss_avoid_priority,fallback_mmaudio_baseline,false,true,true,false,,,experiments/mmaudio_baseline_2026_06_30/candidates/street_rain_crosswalk_001__mmaudio__dss_avoid_priority.wav,,,,,
street_rain_crosswalk_001,street_rain_crosswalk_001__mmaudio__dss_compact,fallback_mmaudio_baseline,false,true,true,false,,,experiments/mmaudio_baseline_2026_06_30/candidates/street_rain_crosswalk_001__mmaudio__dss_compact.wav,,,,,
subway_arrival_door_001,subway_arrival_door_001__mmaudio__dss_avoid_priority,fallback_mmaudio_baseline,false,true,true,false,,,experiments/mmaudio_baseline_2026_06_30/candidates/subway_arrival_door_001__mmaudio__dss_avoid_priority.wav,,,,,
subway_arrival_door_001,subway_arrival_door_001__mmaudio__dss_compact,fallback_mmaudio_baseline,false,true,true,false,,,experiments/mmaudio_baseline_2026_06_30/candidates/subway_arrival_door_001__mmaudio__dss_compact.wav,,,,,
forest_bird_branch_001,forest_bird_branch_001__control_rule_foley_v0,control_or_repair_candidate,false,true,true,false,,,artifacts/model_runs/week17_control_baseline/forest_bird_branch_001/forest_bird_branch_001__control_rule_foley_v0.wav,,,,,
glass_drop_room_001,glass_drop_room_001__control_rule_foley_v0,control_or_repair_candidate,false,true,true,false,,,artifacts/model_runs/week17_control_baseline/glass_drop_room_001/glass_drop_room_001__control_rule_foley_v0.wav,,,,,
kitchen_chop_sizzle_001,kitchen_chop_sizzle_001__control_rule_foley_v0,control_or_repair_candidate,false,true,true,false,,,artifacts/model_runs/week17_control_baseline/kitchen_chop_sizzle_001/kitchen_chop_sizzle_001__control_rule_foley_v0.wav,,,,,
robot_warehouse_pick_001,robot_warehouse_pick_001__control_rule_foley_v0,control_or_repair_candidate,false,true,true,false,,,artifacts/model_runs/week17_control_baseline/robot_warehouse_pick_001/robot_warehouse_pick_001__control_rule_foley_v0.wav,,,,,
street_rain_crosswalk_001,street_rain_crosswalk_001__control_rule_foley_v0,control_or_repair_candidate,false,true,true,false,,,artifacts/model_runs/week17_control_baseline/street_rain_crosswalk_001/street_rain_crosswalk_001__control_rule_foley_v0.wav,,,,,
subway_arrival_door_001,subway_arrival_door_001__control_rule_foley_v0,control_or_repair_candidate,false,true,true,false,,,artifacts/model_runs/week17_control_baseline/subway_arrival_door_001/subway_arrival_door_001__control_rule_foley_v0.wav,,,,,
kitchen_chop_sizzle_001,kitchen_chop_sizzle_001__control_rule_foley_v0_repair_v1,control_or_repair_candidate,false,true,true,false,,,artifacts/model_runs/week17_control_repaired/kitchen_chop_sizzle_001/kitchen_chop_sizzle_001__control_rule_foley_v0_repair_v1.wav,,,,,
glass_drop_room_001,true_mmaudio_attempt__blocked__20260701,true_mmaudio_attempt,false,false,false,false,candidate_id=glass_drop_room_001__mmaudio__true_replacement_v0; case_id=glass_drop_room_001; model=MMAudio; status=blocked; video_conditioned=False; fallback_used=False,keep_as_blocker_then_use_labeled_fallback_race,reports/mmaudio_true_one_attempt_failures.json,,,,,
